peak_Q,lag_WSS_Q,lag_WSS_WL,Category
14965.73,-12.25,0.0,Medium
16160.39,1.25,5.5,Medium
17170.79,1.5,4.0,Medium
21221.79,-2.25,-7.75,High
12996.21,-12.0,-24.5,Medium
23948.88,11.5,17.5,High
38313.21,12.5,22.75,High
50228.62,12.0,18.75,Extreme
22119.81,1.5,-11.0,High
15971.52,-6.25,-18.75,Medium
15719.86,0.0,-12.5,Medium
12778.67,-6.75,-19.25,Medium
19815.14,12.5,13.25,Medium
17310.95,0.25,-12.25,Medium
19816.06,3.75,7.0,Medium
18348.41,1.0,-11.5,Medium
14388.86,-9.25,-21.75,Medium
12093.07,1.25,5.0,Medium
11318.03,1.0,-11.5,Medium
12797.56,3.5,7.0,Medium
11813.97,-4.75,-17.25,Medium
11447.45,3.5,7.25,Medium
31881.28,12.5,18.5,High
19163.08,12.5,0.0,Medium
17690.29,0.5,2.0,Medium
14681.36,-3.75,-16.25,Medium
12330.38,-12.25,-24.75,Medium
10618.99,4.25,15.0,Medium
14278.62,12.5,24.75,Medium
14211.85,6.5,8.5,Medium
14166.66,2.0,-10.5,Medium
14051.03,12.25,24.5,Medium
19325.74,12.5,21.25,Medium
53957.52,12.5,18.0,Extreme
34401.39,12.5,24.75,High
55175.29,9.25,13.75,Extreme
28381.22,-1.25,-13.75,High
27992.2,-11.25,-12.25,High
28882.21,1.5,2.75,High
21666.72,12.5,0.0,High
17359.56,11.75,-0.75,Medium
14996.09,-11.75,-24.25,Medium
16164.09,1.75,-0.75,Medium
15756.21,1.75,-10.75,Medium
14333.89,12.0,24.25,Medium
62979.02,12.5,21.0,Extreme
41585.36,-11.5,0.75,High
47093.02,6.5,9.25,High
23504.11,-0.25,-12.75,High
21740.09,12.25,-0.25,High
19406.32,12.5,0.0,Medium
20257.94,3.5,1.5,High
19706.14,-12.0,-24.5,Medium
26182.81,-0.5,-4.0,High
24857.98,12.5,0.0,High
24760.34,1.75,-10.75,High
24065.77,-11.5,-24.0,High
24940.12,0.5,-0.75,High
24602.09,-6.5,-19.0,High
24192.83,8.25,-4.25,High
14830.94,12.5,0.0,Medium
13375.06,12.5,0.0,Medium
12874.85,12.5,0.0,Medium
11555.04,0.25,-12.25,Medium
11064.49,12.5,0.0,Medium
10994.23,-12.0,-24.5,Medium
11171.97,-2.0,-14.5,Medium
10695.66,-11.5,-24.0,Medium
11088.25,0.5,-12.0,Medium
11289.43,2.0,-10.5,Medium
10228.04,-12.25,-24.75,Medium
28461.86,12.5,19.75,High
35243.49,11.75,18.75,High
11062.41,-12.25,-24.75,Medium
12113.7,2.75,5.5,Medium
11543.14,-10.75,-23.25,Medium
17063.29,-9.5,-14.0,Medium
11669.9,1.0,-11.5,Medium
10675.14,5.0,17.25,Medium
14336.92,4.75,17.0,Medium
19815.46,7.75,20.0,Medium
20439.57,4.0,9.25,High
48537.58,12.5,18.25,High
27819.86,12.5,0.0,High
12272.95,0.5,-12.0,Medium
15096.19,0.25,1.75,Medium
14126.14,12.5,0.0,Medium
12905.07,-2.25,-14.75,Medium
12054.63,-0.25,-12.75,Medium
11027.47,-11.75,-24.25,Medium
10892.45,-3.75,-16.25,Medium
5960.949,-0.5,-13.0,Low
5760.918,3.25,8.25,Low
4832.333,4.0,16.25,Mild
4841.969,0.75,0.0,Mild
7535.225,12.5,19.75,Low
7062.663,5.75,8.75,Low
4962.601,1.25,2.0,Mild
3958.864,-11.5,-24.0,Mild
4116.969,1.0,1.25,Mild
3635.612,2.25,-10.25,Mild
3387.309,1.5,5.0,Mild
3736.312,5.75,12.0,Mild
3881.578,4.0,7.5,Mild
3693.087,5.75,11.75,Mild
4514.232,6.5,9.0,Mild
3459.598,-11.5,-24.0,Mild
4416.949,12.25,24.5,Mild
4453.42,2.25,1.75,Mild
4234.959,1.75,-10.75,Mild
4091.394,5.75,13.0,Mild
2350.844,-2.0,-14.5,Mild
2637.338,8.5,20.75,Mild
3341.404,4.25,9.75,Mild
10376.78,8.0,15.5,Medium
40821.16,12.5,17.0,High
12906.58,-12.25,-24.75,Medium
35333.03,9.25,14.5,High
15077.87,0.75,-11.75,Medium
14756.01,4.0,-8.5,Medium
15995.43,3.75,8.0,Medium
14286.62,-0.25,-12.75,Medium
13274.64,2.25,4.75,Medium
11830.27,4.0,7.0,Medium
12258.6,10.75,12.75,Medium
35787.48,12.5,21.25,High
13166.43,-12.0,-24.5,Medium
12291.62,10.25,16.25,Medium
10519.15,2.75,4.25,Medium
9895.335,1.0,-11.5,Low
8993.997,-1.5,-14.0,Low
9221.095,7.75,10.5,Low
9287.886,4.75,10.0,Low
9269.02,6.0,10.75,Low
9338.572,6.25,11.0,Low
8860.432,1.75,2.5,Low
9056.123,1.5,2.5,Low
9145.049,4.0,6.5,Low
9192.416,1.5,3.5,Low
4709.624,0.25,-12.25,Mild
3248.363,12.5,24.75,Mild
3237.026,5.0,17.25,Mild
3157.318,12.5,24.75,Mild
3327.34,-6.5,5.75,Mild
3484.46,-12.25,0.0,Mild
4103.618,5.25,8.0,Mild
4005.099,12.5,0.25,Mild
7625.62,6.25,14.5,Low
7174.384,12.5,24.75,Low
7157.668,12.25,24.5,Low
7276.407,3.5,3.25,Low
6567.729,-12.25,-24.75,Low
7349.025,-12.25,0.0,Low
22116.57,5.75,18.0,High
22041.52,12.5,17.0,High
15332.27,-12.25,-24.75,Medium
11373.6,-0.5,-13.0,Medium
10543.35,-0.25,-12.75,Medium
8256.112,0.0,-12.5,Low
8067.111,-11.5,0.75,Low
8559.324,6.5,18.75,Low
8573.106,12.5,16.5,Low
8699.554,4.0,16.25,Low
123639.5,12.5,16.25,Extreme
40868.13,12.5,0.0,High
34368.81,12.25,-0.25,High
29174.0,12.25,-0.25,High
24727.38,-6.25,-18.75,High
22930.24,-4.5,-17.0,High
22361.24,-11.75,-24.25,High
22598.62,1.25,-11.25,High
20028.74,-12.0,-24.5,High
21452.48,2.0,-1.75,High
19568.31,1.25,-11.25,Medium
18128.03,12.5,0.0,Medium
17537.32,-10.75,-23.25,Medium
17819.76,-2.75,-15.25,Medium
15692.81,12.5,0.0,Medium
15925.46,-5.0,-17.5,Medium
20812.95,5.5,10.75,High
20994.66,0.5,-12.0,High
20505.61,12.5,1.75,High
16502.56,12.5,0.0,Medium
15558.0,-10.0,-22.5,Medium
15787.06,0.5,6.75,Medium
16548.85,2.25,3.75,Medium
14503.06,0.75,-11.75,Medium
14041.38,-6.25,-18.75,Medium
12564.88,-2.25,-14.75,Medium
11536.32,12.5,24.75,Medium
33350.3,12.5,20.25,High
16248.8,-2.0,-14.5,Medium
14381.6,-11.75,-24.25,Medium
14528.21,0.5,-12.0,Medium
12537.15,-12.25,-24.75,Medium
13076.88,-11.5,-24.0,Medium
14587.79,2.25,5.75,Medium
17957.3,12.5,17.25,Medium
15214.47,-12.25,-24.75,Medium
15251.1,-12.25,-24.75,Medium
15095.72,-1.25,-13.75,Medium
14365.63,2.5,6.5,Medium
22974.17,12.5,18.25,High
22510.52,12.0,15.75,High
17568.24,12.5,0.0,Medium
25377.46,11.5,18.25,High
13647.51,4.75,7.25,Medium
16028.44,8.25,12.0,Medium
15029.89,12.5,0.0,Medium
14876.33,12.5,0.0,Medium
14644.41,-3.25,-15.75,Medium
11564.18,-4.75,-17.25,Medium
11437.56,-11.75,-24.25,Medium
24124.5,12.25,19.5,High
22768.78,12.5,0.0,High
17950.9,12.5,0.0,Medium
17627.93,-1.75,-14.25,Medium
13488.83,12.5,0.0,Medium
12944.24,-11.75,-24.25,Medium
48870.79,12.5,20.25,High
15294.7,12.5,0.0,Medium
15411.3,0.0,-12.5,Medium
15054.58,-11.75,0.5,Medium
18216.5,-12.25,-11.0,Medium
18399.94,-11.75,-24.25,Medium
18520.85,-0.75,-12.75,Medium
10343.03,11.75,-0.75,Medium
9761.288,0.25,-12.25,Low
9321.453,-11.0,-23.5,Low
9131.327,-2.0,-14.5,Low
8302.853,2.0,4.0,Low
7263.659,-5.75,-18.25,Low
7322.016,12.25,21.25,Low
8737.303,6.5,12.5,Low
7690.059,1.5,-11.0,Low
6399.645,0.75,-11.75,Low
6425.762,5.75,10.25,Low
6002.568,3.0,4.75,Low
5789.755,0.75,2.5,Low
5955.268,3.75,7.0,Low
7678.926,11.75,24.0,Low
7372.953,1.75,-4.25,Low
6514.983,-0.75,-13.25,Low
5310.228,4.5,9.25,Low
6623.944,12.0,24.25,Low
6714.684,12.5,16.25,Low
9672.511,12.5,17.25,Low
7016.87,-3.0,-15.5,Low
6087.853,0.5,12.75,Low
11599.51,9.5,13.75,Medium
14271.11,12.5,24.75,Medium
15470.55,6.5,13.75,Medium
11576.51,-11.5,-24.0,Medium
7409.791,-3.75,-16.25,Low
7143.191,-10.75,-23.25,Low
7194.568,0.25,-12.25,Low
5208.041,4.25,10.25,Low
5820.719,8.25,13.0,Low
4591.548,3.0,2.5,Mild
4442.429,-11.75,0.5,Mild
7065.268,4.5,16.75,Low
7512.004,12.5,23.75,Low
6946.1,-12.25,0.0,Low
14869.4,9.25,21.5,Medium
20025.19,4.75,10.25,High
11259.58,-10.5,-23.0,Medium
9510.717,-4.25,-16.75,Low
8316.767,-0.5,-13.0,Low
7658.721,-12.25,-24.75,Low
8447.12,0.75,-0.75,Low
6139.98,-0.75,-13.25,Low
6137.695,-12.25,-24.75,Low
6217.531,-12.25,-24.75,Low
7137.876,11.25,17.75,Low
9256.901,8.5,15.5,Low
8958.182,2.75,-9.75,Low
14732.59,12.5,19.0,Medium
11708.1,0.25,-12.25,Medium
8400.899,-11.75,-24.25,Low
8482.186,-6.5,-19.0,Low
7446.907,-12.25,-24.75,Low
7468.967,1.25,-11.25,Low
7339.11,3.0,-9.5,Low
7357.701,2.0,4.0,Low
7354.58,2.25,5.75,Low
6972.439,0.75,-11.75,Low
6423.023,-1.25,-13.75,Low
6335.003,1.75,14.0,Low
6634.596,3.0,15.25,Low
5882.315,12.5,24.75,Low
22278.33,12.5,24.75,High
21809.01,12.5,24.75,High
22520.01,12.5,14.75,High
38105.76,12.25,24.5,High
17241.87,-2.0,-14.5,Medium
15677.83,0.5,-12.0,Medium
14151.99,-12.25,-24.75,Medium
14905.95,-11.75,0.5,Medium
15981.54,0.0,-4.5,Medium
15637.46,-10.0,-22.5,Medium
15694.26,-9.0,-21.5,Medium
13748.91,-11.25,-23.75,Medium
13915.24,1.75,-10.75,Medium
11164.86,-10.5,-23.0,Medium
11133.87,-11.25,-23.75,Medium
9627.933,-1.0,-13.5,Low
20065.08,7.5,10.25,High
18866.92,12.5,24.75,Medium
35988.3,12.5,17.75,High
35258.06,0.75,-11.75,High
24628.97,1.5,-11.0,High
12156.47,2.5,4.75,Medium
10502.03,1.5,-11.0,Medium
9956.023,3.25,6.25,Low
7973.833,12.5,0.0,Low
7373.552,0.25,10.75,Low
7086.211,12.25,24.25,Low
7257.762,0.5,-2.75,Low
7258.289,0.5,8.25,Low
7067.048,12.5,24.75,Low
6580.569,12.5,24.75,Low
6840.516,-10.25,-6.75,Low
7064.259,4.25,13.25,Low
6877.592,12.5,21.75,Low
7027.18,-9.75,-15.25,Low
7686.893,-11.5,0.75,Low
8690.735,-12.25,0.0,Low
51148.37,11.0,18.0,Extreme
31451.15,-12.0,-24.5,High
34242.06,1.5,3.75,High
33037.7,2.0,5.25,High
16679.37,2.0,-0.5,Medium
15241.03,0.25,-12.25,Medium
37123.66,6.5,11.25,High
16291.74,-2.0,-14.5,Medium
14121.65,12.5,0.0,Medium
11386.47,-8.0,-20.5,Medium
10931.14,7.0,-5.5,Medium
10764.95,-2.0,-14.5,Medium
10678.11,0.5,-12.0,Medium
10175.43,12.0,-0.5,Medium
8807.015,-12.0,0.25,Low
23842.93,6.5,13.25,High
39282.92,10.75,15.25,High
26477.94,1.5,2.5,High
23385.04,12.5,0.0,High
16595.74,12.5,0.0,Medium
16423.47,11.5,-1.0,Medium
29749.04,9.75,22.0,High
29703.49,12.5,24.75,High
29750.23,12.5,14.0,High
20308.95,12.5,0.0,High
19163.74,12.25,-0.25,Medium
18796.75,12.5,0.0,Medium
18176.36,-9.75,-22.25,Medium
18413.71,-2.5,-15.0,Medium
16779.91,12.5,0.0,Medium
16202.28,-11.0,-23.5,Medium
17233.89,2.0,13.75,Medium
17573.6,1.5,5.5,Medium
16511.19,12.5,0.0,Medium
32999.95,12.25,24.5,High
34852.47,4.0,6.5,High
19145.15,0.5,-12.0,Medium
19011.45,-12.0,-13.75,Medium
112057.2,12.5,17.75,Extreme
51608.29,4.0,5.0,Extreme
31815.93,2.0,-10.5,High
30472.37,-11.5,-24.0,High
34026.91,-11.75,-24.25,High
37235.04,3.5,3.25,High
46195.4,11.5,18.25,High
39572.93,-11.5,0.75,High
53902.85,12.5,22.5,Extreme
31991.54,-12.0,-24.5,High
33812.23,1.0,-3.75,High
32129.12,12.5,0.0,High
23059.89,12.5,0.0,High
23230.48,1.0,-11.5,High
20567.6,0.75,-11.75,High
20309.15,-8.0,-20.5,High
20772.68,-10.5,-23.0,High
21222.59,0.5,-12.0,High
21691.34,-12.25,0.0,High
27180.84,2.5,1.25,High
38770.45,5.5,12.25,High
28476.24,0.75,-11.75,High
27649.16,0.0,-12.5,High
33049.97,0.75,-3.5,High
31446.88,-12.25,-24.75,High
34472.28,0.5,1.0,High
32983.48,12.25,-0.25,High
32295.0,-12.0,0.25,High
39239.89,4.25,6.5,High
28501.34,12.5,0.0,High
18291.23,12.5,0.0,Medium
17403.18,12.5,0.0,Medium
16114.6,12.5,0.0,Medium
15120.6,-9.75,-22.25,Medium
15319.88,0.75,-11.75,Medium
13790.63,12.5,0.0,Medium
13871.65,0.75,-11.75,Medium
13253.76,-12.25,-24.75,Medium
23392.84,2.25,6.5,High
25528.41,12.5,12.0,High
13761.21,-0.75,-13.25,Medium
8392.987,5.5,10.75,Low
7440.511,-2.25,-14.75,Low
6707.144,-11.75,-24.25,Low
8992.556,12.5,17.75,Low
9645.775,3.75,7.0,Low
9593.198,-12.25,-24.75,Low
13001.48,6.25,18.5,Medium
12481.96,12.5,14.5,Medium
12099.73,1.75,-10.75,Medium
10157.44,-0.5,-13.0,Medium
9280.856,-11.5,-24.0,Low
9501.72,-10.0,2.25,Low
9706.057,3.5,7.25,Low
10586.63,9.0,14.5,Medium
9883.435,3.75,6.75,Low
8029.244,-11.75,-24.25,Low
8846.379,5.25,10.0,Low
8711.93,0.75,-11.75,Low
9005.811,8.0,15.75,Low
8833.009,1.0,5.5,Low
8407.887,2.25,-10.25,Low
7523.691,-4.0,-16.5,Low
7643.761,3.75,10.0,Low
19338.53,12.5,18.75,Medium
18624.55,5.5,9.75,Medium
64378.83,12.5,18.5,Extreme
34648.46,3.25,6.0,High
28905.81,2.5,3.5,High
14779.02,12.5,0.0,Medium
18992.21,1.0,-0.75,Medium
18857.36,0.75,-8.25,Medium
13539.94,12.5,0.0,Medium
11564.6,12.5,0.0,Medium
10776.47,12.5,0.0,Medium
10609.35,0.5,-12.0,Medium
10303.97,-1.25,-13.75,Medium
9959.347,-12.25,-24.75,Low
10285.21,-12.0,-24.5,Medium
11234.44,1.0,0.75,Medium
10713.91,1.25,-11.25,Medium
9959.146,-8.75,-21.25,Low
9879.226,-11.25,-23.75,Low
9841.907,-2.75,-15.25,Low
9544.116,9.75,-2.75,Low
51591.34,12.5,18.75,Extreme
53465.48,10.0,16.0,Extreme
16114.59,12.0,-0.5,Medium
15487.85,-4.0,-16.5,Medium
12928.58,0.75,-11.75,Medium
12628.1,-11.0,-23.5,Medium
12998.88,0.5,-12.0,Medium
12388.89,11.75,-0.75,Medium
11840.0,-11.5,-24.0,Medium
11764.67,-10.5,-23.0,Medium
11919.13,1.75,-10.75,Medium
11645.83,-10.75,-23.25,Medium
11779.61,-11.0,-23.5,Medium
12194.63,-7.25,-19.75,Medium
16534.35,2.5,2.5,Medium
14305.77,2.25,14.5,Medium
17153.9,5.25,9.0,Medium
18076.39,4.25,12.5,Medium
17813.41,0.75,-11.75,Medium
13453.79,-5.5,-18.0,Medium
13210.64,0.0,-12.5,Medium
12586.76,-10.5,-23.0,Medium
12834.09,0.25,-12.25,Medium
12228.42,-11.75,-24.25,Medium
11749.1,-9.5,-22.0,Medium
11273.7,0.75,-11.75,Medium
10237.55,-11.75,-24.25,Medium
10763.67,3.5,5.0,Medium
9567.817,3.25,2.25,Low
9561.838,1.0,-11.5,Low
9436.134,-0.25,-12.75,Low
9379.954,2.0,3.25,Low
9328.883,0.25,-12.25,Low
9439.911,3.75,12.0,Low
9313.376,3.25,15.5,Low
11653.76,-12.25,0.0,Medium
21374.8,12.5,20.5,High
18578.2,12.5,0.0,Medium
18284.61,1.75,-10.75,Medium
16036.05,12.25,-0.25,Medium
13849.41,-0.25,-12.75,Medium
13658.04,-0.75,-13.25,Medium
12973.23,12.25,-0.25,Medium
53343.46,12.5,22.0,Extreme
33679.27,1.5,4.0,High
23707.54,2.5,4.5,High
27040.63,4.25,6.25,High
22580.09,0.5,-12.0,High
20150.65,12.5,0.0,High
17934.63,-11.0,-23.5,Medium
18387.73,-12.25,0.0,Medium
25787.57,2.5,5.25,High
22737.25,12.5,0.0,High
18486.61,1.25,0.0,Medium
20335.3,1.75,1.5,High
23932.31,12.5,12.75,High
16615.89,12.5,16.75,Medium
16335.46,-12.25,0.0,Medium
21493.88,12.0,23.0,High
17405.75,12.5,0.0,Medium
19608.05,-11.25,0.5,Medium
19891.75,0.5,-4.5,Medium
19987.51,0.5,3.0,Medium
25294.44,12.5,16.5,High
17313.09,3.5,-9.0,Medium
15857.29,12.5,0.0,Medium
27679.96,12.5,24.75,High
27568.36,12.5,18.75,High
25132.45,12.5,0.0,High
32717.66,12.5,16.75,High
20923.42,12.25,-0.25,High
20111.79,12.25,-0.25,High
18013.68,-11.5,-24.0,Medium
18470.26,2.0,-10.5,Medium
16981.19,-12.0,-24.5,Medium
17335.88,1.25,-11.25,Medium
14974.57,12.5,0.0,Medium
14629.8,0.75,-11.75,Medium
15760.33,1.5,4.75,Medium
14227.37,-11.75,-24.25,Medium
13957.65,1.0,-11.5,Medium
13602.44,-1.5,-14.0,Medium
13072.36,12.5,0.0,Medium
12388.91,-11.5,-24.0,Medium
13906.83,2.25,5.0,Medium
12488.65,-5.0,-17.5,Medium
12364.07,-9.75,-22.25,Medium
12110.88,-4.75,-17.25,Medium
11480.37,-0.75,-13.25,Medium
11406.31,-4.25,-16.75,Medium
23498.71,5.25,17.5,High
22401.38,12.5,24.75,High
64250.71,12.0,18.5,Extreme
25840.25,12.5,0.0,High
23445.71,12.5,0.0,High
20098.91,12.5,0.0,High
18834.15,12.25,-0.25,Medium
17466.33,-9.5,-22.0,Medium
18608.25,-12.25,0.0,Medium
142319.0,10.5,13.75,Extreme
52658.03,0.25,1.25,Extreme
32284.72,12.5,0.0,High
29997.29,12.5,0.0,High
27787.8,11.5,-1.0,High
25406.47,12.5,0.0,High
23901.52,12.5,0.0,High
20627.26,12.25,-0.25,High
19001.89,12.5,0.0,Medium
18483.65,-12.0,-24.5,Medium
18422.06,3.0,-9.5,Medium
16434.8,12.5,0.0,Medium
15471.85,12.5,0.0,Medium
15227.99,0.25,-12.25,Medium
13959.68,-9.25,-21.75,Medium
14402.57,-12.0,-24.5,Medium
15145.71,1.0,-10.25,Medium
14815.1,0.0,-12.5,Medium
14528.28,-11.0,-23.5,Medium
14382.98,-12.0,-24.5,Medium
14595.51,1.25,-11.25,Medium
13548.84,12.5,0.0,Medium
12582.7,12.5,0.0,Medium
12209.69,-8.5,-21.0,Medium
11860.23,9.75,-2.75,Medium
11440.84,0.25,-12.25,Medium
10298.48,-11.5,-24.0,Medium
11001.46,-10.0,-22.5,Medium
10775.82,-9.5,-22.0,Medium
10821.27,-5.0,-17.5,Medium
10140.23,-11.75,-24.25,Medium
10765.05,-1.0,-13.5,Medium
15829.74,3.75,7.25,Medium
30498.13,10.5,22.75,High
30449.69,12.5,16.5,High
12715.54,-11.5,-24.0,Medium
12482.36,1.0,4.25,Medium
14581.12,9.75,15.25,Medium
11889.0,-12.0,-24.5,Medium
12197.98,0.5,12.75,Medium
9732.41,12.5,24.75,Low
17598.06,5.75,8.75,Medium
22114.97,6.75,12.5,High
11461.53,-12.0,-24.5,Medium
10986.94,-2.75,-15.25,Medium
9899.438,-12.0,-24.5,Low
10415.88,4.0,11.0,Medium
9741.591,0.75,1.0,Low
9704.711,2.0,-10.5,Low
9704.166,2.5,5.75,Low
10004.05,5.75,9.5,Medium
9116.206,2.0,5.0,Low
8920.773,4.0,7.25,Low
9304.427,1.75,6.0,Low
8179.339,3.0,5.0,Low
7674.366,6.25,18.5,Low
7629.423,12.5,13.5,Low
6891.364,-12.0,-24.5,Low
7353.444,4.0,6.25,Low
6973.655,2.75,3.25,Low
6501.257,-12.25,-24.75,Low
6947.315,5.25,7.5,Low
6917.415,8.0,14.75,Low
6885.29,4.75,8.25,Low
6162.357,5.5,17.75,Low
6428.123,4.25,8.25,Low
6133.109,-0.75,-13.25,Low
6185.925,2.25,5.0,Low
7015.631,7.5,19.75,Low
7345.75,6.25,10.75,Low
8989.413,7.25,12.75,Low
8917.846,3.25,8.75,Low
8621.349,1.5,0.5,Low
4861.156,-8.25,-20.75,Mild
4300.191,-2.5,-15.0,Mild
4530.822,3.25,7.5,Mild
4583.021,8.25,15.0,Mild
4721.778,4.5,9.25,Mild
4665.5,5.5,17.75,Mild
4500.025,2.5,-10.0,Mild
4656.903,3.25,6.25,Mild
4344.342,7.75,13.0,Mild
4147.73,8.0,11.5,Mild
4346.118,2.25,6.75,Mild
5184.576,4.75,10.0,Low
4591.171,12.5,0.0,Mild
10873.22,12.5,24.75,Medium
11509.78,4.75,9.0,Medium
6981.787,-11.5,-24.0,Low
7178.756,2.0,4.0,Low
7047.377,1.75,1.75,Low
7054.641,5.0,8.5,Low
5740.992,1.5,-11.0,Low
5261.365,-1.5,-14.0,Low
5899.296,2.75,7.0,Low
7123.704,8.25,18.75,Low
6873.153,2.5,5.25,Low
8062.254,6.25,12.25,Low
6579.482,2.0,-10.5,Low
6553.406,5.0,13.75,Low
6617.364,1.25,1.5,Low
6566.333,1.75,4.0,Low
6626.955,4.25,16.5,Low
8172.121,5.25,17.5,Low
9111.436,8.5,15.75,Low
7825.451,1.5,0.5,Low
6351.767,-1.0,-13.5,Low
6692.61,10.5,16.75,Low
6507.543,3.25,5.5,Low
6489.25,2.0,5.0,Low
6517.698,-11.75,0.5,Low
6755.285,1.75,5.5,Low
13572.7,11.75,24.0,Medium
13572.42,12.5,18.25,Medium
9350.287,-6.0,-18.5,Low
9268.82,2.0,-10.5,Low
8630.065,-3.25,-15.75,Low
8223.94,2.75,-9.75,Low
8117.94,12.5,14.75,Low
5283.805,0.5,1.75,Low
5052.397,12.5,0.0,Low
6188.522,6.25,14.5,Low
6544.553,4.25,16.5,Low
8367.285,12.5,20.0,Low
7250.554,-0.75,-13.25,Low
7424.174,1.25,2.75,Low
7844.538,9.5,13.0,Low
6132.872,2.25,-10.25,Low
6961.617,7.0,19.25,Low
8628.15,9.25,17.25,Low
8389.772,-0.75,-13.25,Low
6185.791,1.75,-10.75,Low
5434.455,0.5,-12.0,Low
6001.609,3.0,5.75,Low
5733.627,1.25,-11.25,Low
6202.148,5.75,11.5,Low
5721.096,-2.25,-14.75,Low
5930.817,6.5,14.5,Low
5478.526,3.25,4.0,Low
4907.819,6.0,18.25,Mild
4268.603,1.5,10.5,Mild
3292.862,12.5,11.0,Mild
2614.583,12.5,6.0,Mild
3366.277,3.25,15.5,Mild
3272.251,-9.25,-14.5,Mild
3282.608,-10.75,-23.25,Mild
3268.107,-8.5,-21.0,Mild
3353.404,-0.75,-13.25,Mild
3367.919,11.75,24.0,Mild
3553.624,-12.25,0.0,Mild
9753.549,1.25,13.5,Low
39882.92,12.5,17.25,High
17032.96,-0.25,-12.75,Medium
16923.05,0.5,-12.0,Medium
10877.11,0.5,-12.0,Medium
8913.413,-9.5,-22.0,Low
9219.528,-12.0,-24.5,Low
10066.43,3.5,15.75,Medium
20915.37,6.25,11.5,High
11749.41,12.5,0.0,Medium
11048.33,-12.0,-24.5,Medium
12489.63,4.75,17.0,Medium
17748.97,6.25,16.75,Medium
16646.7,12.5,0.0,Medium
15269.79,12.5,0.0,Medium
10103.75,0.5,-12.0,Medium
9689.738,-0.5,-13.0,Low
8824.519,-12.25,-24.75,Low
9611.813,-12.25,-24.75,Low
9698.481,2.0,-10.5,Low
9669.089,12.25,24.5,Low
7450.072,12.5,24.75,Low
10018.36,4.75,8.5,Medium
9137.497,12.5,0.0,Low
8674.332,0.75,-11.75,Low
8294.391,-4.25,-16.75,Low
8063.926,-12.0,-24.5,Low
8516.388,-6.75,-19.25,Low
7564.942,-5.25,-17.75,Low
7025.827,-0.25,-12.75,Low
6401.27,-1.25,-9.25,Low
5947.935,0.25,-12.25,Low
5473.234,1.25,3.75,Low
5367.335,-5.75,-15.25,Low
4636.376,2.5,14.75,Mild
3982.404,-12.25,0.0,Mild
14755.66,11.0,22.75,Medium
12669.36,12.5,15.5,Medium
11081.64,-12.0,-24.5,Medium
10091.23,-0.25,-12.75,Medium
9157.785,12.5,24.75,Low
38514.42,12.5,18.5,High
13664.07,12.5,14.0,Medium
12023.02,12.5,0.0,Medium
11422.03,12.5,0.0,Medium
10905.51,0.0,-12.5,Medium
11103.48,1.0,-6.0,Medium
10218.33,-10.75,-23.25,Medium
10404.82,0.0,-12.5,Medium
10357.14,-11.5,-24.0,Medium
10859.9,2.25,-1.5,Medium
10310.69,12.0,-0.5,Medium
9495.167,-12.25,-24.75,Low
11948.83,-12.25,-18.5,Medium
13952.37,2.75,0.0,Medium
13507.66,-12.0,-24.5,Medium
13479.23,-0.5,-13.0,Medium
12678.02,-11.25,-23.75,Medium
10390.84,-5.5,-18.0,Medium
9837.98,12.5,0.0,Low
13281.37,12.25,17.25,Medium
12154.17,3.0,-9.5,Medium
11894.77,1.5,-11.0,Medium
11939.99,0.0,-12.5,Medium
10417.63,-1.25,-13.75,Medium
9871.691,-11.5,-24.0,Low
8961.023,5.25,17.5,Low
9759.233,5.75,11.75,Low
10864.22,7.75,11.5,Medium
65459.57,12.5,24.75,Extreme
67916.66,9.25,15.0,Extreme
18497.62,12.5,0.0,Medium
18257.32,0.25,-3.25,Medium
19421.82,3.75,5.0,Medium
14355.55,-12.0,-24.5,Medium
17496.84,1.25,4.75,Medium
17067.3,0.0,-1.25,Medium
15181.81,12.5,0.0,Medium
11838.56,12.5,0.0,Medium
11447.23,-12.25,-24.75,Medium
11649.04,-3.75,-16.25,Medium
10185.91,-11.75,-24.25,Medium
11403.9,-12.0,-23.5,Medium
12753.73,-12.0,-16.0,Medium
13135.1,0.25,-12.25,Medium
12525.13,12.5,0.0,Medium
10725.04,-11.0,-23.5,Medium
8735.206,-10.75,-23.25,Low
7426.403,0.25,-12.25,Low
7414.064,1.5,3.5,Low
7324.577,7.0,19.25,Low
7436.007,2.25,4.25,Low
8663.701,6.5,18.75,Low
8794.999,12.5,24.75,Low
8231.604,12.5,24.75,Low
8642.333,6.5,10.25,Low
7994.627,-4.75,-17.25,Low
7317.956,7.75,11.25,Low
6416.66,0.25,-12.25,Low
9318.191,12.5,24.75,Low
4923.473,4.25,7.5,Mild
4565.008,-12.0,0.25,Mild
5416.65,7.25,19.5,Low
5723.599,4.0,9.0,Low
5491.765,4.0,6.75,Low
5111.398,3.5,5.0,Low
3760.73,3.0,-9.5,Mild
4159.74,5.0,17.25,Mild
4229.152,5.75,18.0,Mild
5081.775,7.25,19.5,Low
5697.432,6.25,12.75,Low
4871.217,10.75,17.0,Mild
4606.604,7.5,19.75,Mild
6833.542,12.5,16.75,Low
7310.467,7.5,19.75,Low
8616.178,5.0,15.25,Low
8112.973,12.25,24.5,Low
10025.43,7.75,20.0,Medium
13711.12,12.5,24.75,Medium
14715.83,12.5,18.75,Medium
13569.15,-10.25,-22.75,Medium
9086.114,0.0,-12.5,Low
7850.891,12.5,0.0,Low
7361.042,-1.75,-14.25,Low
60748.63,12.5,19.25,Extreme
56412.96,11.0,14.75,Extreme
15992.0,12.5,0.0,Medium
14196.44,-0.25,-12.75,Medium
13511.75,-11.75,-24.25,Medium
15762.71,-12.0,-13.75,Medium
15730.35,-1.25,-13.75,Medium
14237.33,-2.5,-15.0,Medium
13597.11,12.5,0.0,Medium
11841.3,-12.25,-24.75,Medium
12762.06,0.25,-12.25,Medium
12129.14,-12.0,-24.5,Medium
12557.09,-7.25,-19.75,Medium
11525.22,-1.25,-13.75,Medium
11151.37,-2.75,-15.25,Medium
10625.73,0.25,-12.25,Medium
10401.16,-11.5,-20.0,Medium
10315.91,-0.25,-12.75,Medium
10262.82,2.5,5.25,Medium
10059.07,4.25,8.0,Medium
9403.854,-0.5,-13.0,Low
10293.13,5.25,9.0,Medium
9274.862,1.0,-11.5,Low
19667.32,12.5,24.75,Medium
16877.62,-6.5,-19.0,Medium
14109.71,-0.5,-13.0,Medium
9487.013,-12.25,-24.75,Low
13519.4,7.5,19.75,Medium
17337.58,11.0,23.25,Medium
16701.32,3.5,5.5,Medium
16292.7,-9.5,-22.0,Medium
12956.34,4.0,8.75,Medium
12231.42,4.5,8.0,Medium
10973.85,1.5,-11.0,Medium
10853.75,0.75,-11.75,Medium
9352.789,-9.25,-21.75,Low
9398.546,1.5,-11.0,Low
8961.697,1.25,-11.25,Low
8906.267,2.25,-10.25,Low
8691.458,2.25,5.5,Low
8540.657,2.0,-10.5,Low
8085.866,-12.25,-24.75,Low
8206.404,4.0,6.5,Low
7778.448,1.75,4.0,Low
7729.883,5.5,8.0,Low
7387.723,0.75,-11.75,Low
8235.429,8.75,13.75,Low
8548.193,7.0,14.0,Low
7992.987,1.5,-11.0,Low
7746.991,0.5,-12.0,Low
7600.227,0.25,-12.25,Low
7966.913,12.5,24.75,Low
9167.035,6.0,18.25,Low
10400.84,9.75,22.0,Medium
10580.8,6.75,14.75,Medium
43610.6,12.5,18.5,High
52572.94,11.75,16.75,Extreme
23024.49,12.5,0.0,High
21077.19,12.5,0.0,High
20663.68,-8.5,-21.0,High
20691.83,-4.0,-16.5,High
20320.24,8.75,-3.75,High
18756.31,0.75,-11.75,Medium
18191.97,-11.0,-23.5,Medium
20380.28,0.25,1.25,High
19894.38,-10.25,-22.75,Medium
20357.59,3.5,3.75,High
20225.48,11.25,-1.25,High
17329.11,12.5,0.0,Medium
16676.94,12.5,0.0,Medium
13466.27,12.25,-0.25,Medium
12973.94,-12.25,-24.75,Medium
12933.46,0.5,-12.0,Medium
12254.58,-4.0,-16.5,Medium
12080.51,9.0,-3.5,Medium
14535.53,-12.0,0.25,Medium
20717.62,8.25,14.75,High
20513.04,12.5,15.0,High
28935.71,10.75,14.25,High
54475.97,12.0,17.0,Extreme
39758.1,7.25,14.75,High
22239.59,12.5,0.0,High
22520.43,-3.5,-16.0,High
22732.43,9.25,-1.75,High
22601.66,12.5,3.25,High
21124.8,0.25,-12.25,High
20034.47,12.5,0.0,High
18373.96,12.5,0.0,Medium
17913.09,0.25,-12.25,Medium
17220.09,12.5,0.0,Medium
16768.41,-12.0,-24.5,Medium
17761.17,-10.75,-12.5,Medium
17714.5,3.0,-9.25,Medium
17285.57,-11.75,-24.25,Medium
19000.2,-12.25,0.0,Medium
20600.8,6.75,9.5,High
19873.68,12.5,0.0,Medium
20050.77,1.0,-11.5,High
19288.46,1.5,-11.0,Medium
16711.19,-11.75,-24.25,Medium
39852.27,8.75,16.5,High
37724.71,2.0,11.5,High
23695.08,12.5,0.0,High
21517.68,0.75,-11.75,High
18364.08,12.5,0.0,Medium
13891.07,-11.5,-24.0,Medium
13630.32,-11.25,-23.75,Medium
14177.84,-2.75,-15.25,Medium
14171.48,-11.75,0.5,Medium
15265.25,2.0,0.5,Medium
14566.18,-11.75,-24.25,Medium
15153.51,-12.0,-11.75,Medium
15206.46,1.25,-11.25,Medium
14420.35,0.5,-12.0,Medium
19710.96,6.75,10.75,Medium
12536.17,-6.0,-18.5,Medium
12458.77,0.25,-12.25,Medium
11467.78,12.25,-0.25,Medium
11448.41,1.0,-11.5,Medium
11334.58,-12.25,-24.75,Medium
11164.39,-12.0,-24.5,Medium
13973.67,10.0,16.75,Medium
16812.48,5.75,10.75,Medium
16281.18,12.5,0.0,Medium
15108.31,-0.75,-10.5,Medium
14504.74,4.75,10.0,Medium
9504.604,4.0,-8.5,Low
9277.274,1.25,-11.25,Low
8247.289,3.75,7.0,Low
7762.855,4.0,16.25,Low
7851.117,0.25,-1.25,Low
7341.656,2.5,6.75,Low
7610.954,5.0,8.75,Low
6157.829,-12.0,-24.5,Low
8913.492,10.0,22.25,Low
9874.815,5.5,17.75,Low
9780.437,12.5,23.5,Low
7880.399,-1.0,-13.5,Low
7647.158,-10.5,-23.0,Low
7813.632,-11.25,-23.75,Low
7916.883,-5.75,-14.0,Low
7030.682,-12.0,-24.5,Low
8930.186,4.5,12.5,Low
9205.369,8.75,21.0,Low
7111.18,1.0,-11.5,Low
14352.0,11.75,23.75,Medium
13605.15,3.75,5.75,Medium
6852.748,0.25,-12.25,Low
7434.364,12.5,21.0,Low
6955.881,-12.0,-24.5,Low
7067.016,2.0,4.0,Low
6845.308,2.25,5.0,Low
4783.381,0.25,-12.25,Mild
5670.04,12.0,24.25,Low
5560.048,-12.0,-18.5,Low
5584.193,0.75,-11.75,Low
4267.947,5.0,10.0,Mild
3664.423,-11.75,-24.25,Mild
3713.236,2.75,15.0,Mild
4049.056,-12.25,0.0,Mild
4833.124,4.5,16.75,Mild
5005.444,1.0,4.0,Low
4685.233,-0.25,-12.75,Mild
4720.908,5.0,12.75,Mild
4445.147,4.75,6.25,Mild
3948.285,7.0,11.0,Mild
8566.177,5.0,11.25,Low
8029.704,12.5,0.0,Low
6742.6,-1.5,-14.0,Low
6181.836,5.5,10.25,Low
5643.333,-12.25,-24.75,Low
6165.898,12.5,16.5,Low
5815.597,-0.5,-13.0,Low
5279.67,4.5,8.25,Low
4790.072,3.0,5.75,Mild
3888.399,-0.5,-13.0,Mild
3275.283,1.0,0.75,Mild
3101.597,2.75,5.75,Mild
3506.392,7.75,16.0,Mild
3536.207,3.5,6.0,Mild
4840.705,5.0,11.0,Mild
4595.033,3.5,6.25,Mild
4571.858,2.75,4.5,Mild
2057.501,-12.25,-24.75,Mild
2195.562,1.75,14.0,Mild
7231.652,12.5,17.75,Low
7847.538,12.5,18.25,Low
7875.759,12.25,13.0,Low
7118.2,-2.75,-15.25,Low
8290.14,11.25,16.75,Low
7492.752,6.25,18.5,Low
7615.199,-1.75,-8.75,Low
7702.144,4.5,13.0,Low
7950.972,2.5,6.0,Low
6858.836,1.0,-11.5,Low
6686.256,12.5,16.75,Low
5184.052,3.75,8.25,Low
5408.973,2.5,7.0,Low
8003.504,5.25,9.5,Low
7322.925,1.25,-11.25,Low
6162.829,2.0,-10.5,Low
6250.782,2.25,6.75,Low
6797.835,5.5,11.5,Low
7021.509,4.5,7.25,Low
5881.787,1.0,-11.5,Low
15468.76,9.25,21.5,Medium
15787.55,1.75,11.5,Medium
12837.13,-12.0,-24.5,Medium
12945.28,-2.25,-14.75,Medium
9023.175,1.0,-11.5,Low
15127.51,12.25,24.5,Medium
15810.07,7.5,13.0,Medium
9459.797,-7.75,-20.25,Low
9189.206,-1.25,-13.75,Low
8536.119,-0.5,-13.0,Low
8331.271,3.0,15.25,Low
8219.846,12.5,24.75,Low
10534.89,9.0,21.25,Medium
12777.05,6.75,19.0,Medium
13326.06,5.25,8.25,Medium
11515.36,-3.75,-16.25,Medium
11257.17,2.25,-10.25,Medium
5700.92,3.25,6.0,Low
5402.002,12.5,0.0,Low
17786.38,12.5,24.75,Medium
18669.75,6.0,9.75,Medium
16871.83,12.5,15.25,Medium
14855.35,12.5,0.0,Medium
15051.28,-1.25,-13.75,Medium
12749.86,3.25,-9.25,Medium
11662.81,1.0,-11.5,Medium
48481.6,12.25,16.75,High
35810.71,12.5,0.0,High
41469.1,5.25,7.75,High
26673.98,12.5,0.0,High
25031.58,12.5,0.0,High
25018.66,1.5,-11.0,High
20766.96,-12.0,-24.5,High
20819.58,-12.25,0.0,High
25258.39,4.0,6.75,High
39127.77,11.75,15.0,High
37115.29,6.75,11.75,High
31703.07,12.5,0.0,High
29598.21,1.75,4.75,High
26570.04,2.25,-10.25,High
21141.85,12.5,0.0,High
20748.95,11.75,-0.75,High
18178.65,12.0,-0.5,Medium
16788.44,12.5,0.0,Medium
15381.69,-0.25,-12.75,Medium
14829.93,12.5,0.0,Medium
14467.61,12.0,-0.5,Medium
14224.52,0.25,-12.25,Medium
12469.04,-11.0,-23.5,Medium
12345.29,6.0,-6.5,Medium
12353.76,-9.25,-21.75,Medium
12624.68,-2.5,-8.5,Medium
11856.53,12.5,0.0,Medium
11789.83,0.5,-12.0,Medium
11666.17,-2.25,-14.75,Medium
10779.63,-12.0,-24.5,Medium
11530.7,-11.25,-23.75,Medium
9809.095,0.0,-12.5,Low
9878.279,3.75,7.25,Low
10221.99,5.25,11.75,Medium
9682.935,12.5,0.0,Low
9722.147,3.0,-9.5,Low
9081.538,2.25,-10.25,Low
8599.554,12.25,24.5,Low
11968.8,0.75,13.0,Medium
13805.65,12.5,14.75,Medium
12872.62,12.5,0.0,Medium
13805.54,2.5,6.0,Medium
14416.14,3.75,7.5,Medium
13942.88,12.5,24.75,Medium
13247.44,2.75,4.25,Medium
12369.76,-2.5,-15.0,Medium
11428.46,-3.75,-16.25,Medium
10318.16,-11.75,-24.25,Medium
10385.14,0.25,-12.25,Medium
9753.321,0.5,-12.0,Low
9651.043,-0.5,-13.0,Low
7988.225,0.75,-11.75,Low
7525.682,0.5,-12.0,Low
7549.814,2.5,5.0,Low
7259.256,2.25,-10.25,Low
7563.094,3.25,11.75,Low
7524.932,6.0,17.75,Low
7345.227,2.5,-10.0,Low
7573.439,5.0,9.25,Low
6694.385,1.0,-11.5,Low
6776.812,1.75,4.0,Low
6677.181,2.75,3.75,Low
6637.745,4.75,7.75,Low
6949.946,3.75,6.25,Low
6847.258,4.25,9.5,Low
6880.418,11.75,17.5,Low
6663.034,3.0,-9.5,Low
6567.137,-2.5,-15.0,Low
6067.286,1.75,4.25,Low
7753.118,12.5,20.5,Low
7472.841,4.0,6.5,Low
6783.449,2.0,-10.5,Low
6959.845,1.5,4.25,Low
16461.18,9.75,22.0,Medium
16289.13,12.5,17.0,Medium
16928.11,3.75,7.25,Medium
17125.24,12.25,19.0,Medium
16217.0,0.5,2.5,Medium
7421.878,-1.0,-13.5,Low
6642.845,-1.75,-14.25,Low
5579.4,0.25,-12.25,Low
6294.042,7.25,19.5,Low
8100.839,12.5,22.5,Low
5256.294,1.75,14.0,Low
14769.34,9.5,21.75,Medium
15217.68,2.5,5.25,Medium
12589.33,5.0,8.25,Medium
8646.079,-6.75,-19.25,Low
6550.168,-4.75,-17.25,Low
4758.599,1.0,-11.5,Mild
4846.917,5.75,8.75,Mild
5099.585,4.75,8.5,Low
4332.844,-6.0,-18.5,Mild
4384.568,6.5,10.0,Mild
4493.507,-12.25,0.0,Mild
6633.914,12.5,21.5,Low
6089.454,12.0,20.75,Low
5086.977,-2.75,-15.25,Low
11145.99,12.5,18.75,Medium
9525.688,1.75,-10.75,Low
9171.368,4.0,6.25,Low
9048.56,-1.0,-13.5,Low
8309.346,-1.5,-14.0,Low
7913.546,7.5,12.75,Low
7374.761,10.25,14.0,Low
